year,pmdi,pmdi_center
500,-1.21717003644215,-1.26
501,-0.8031271540115841,-0.82
502,1.1263242883170768,1.14
503,1.4477982601405675,1.53
504,3.3768864173435693,3.35
505,0.23721026506608686,0.28
506,-0.8805565979407479,-0.89
507,-1.8858281645993193,-1.9
508,-2.553755665616636,-2.59
509,0.10183472149714803,0.1
510,1.862572525690785,1.89
511,-0.09595087615770026,-0.09
512,-2.3798184964362212,-2.37
513,-3.0526648194668624,-3.09
514,0.8662750659090435,0.83
515,-2.3336280890848418,-2.38
516,-3.4650850626001026,-3.53
517,-2.698628223597562,-2.77
518,-0.49506768702205006,-0.53
519,-0.8407191693216245,-0.86
520,-2.3394378704692294,-2.39
521,-0.4100405438074648,-0.45
522,1.8159435278373646,1.87
523,4.224571797088736,4.19
524,-0.6651164066201999,-0.69
525,-1.1950197234036986,-1.26
526,-4.809587913877107,-4.84
527,-1.2176288626347107,-1.23
528,0.3090521010991276,0.3
529,0.1024045219916082,0.1
530,1.694490070638368,1.73
531,-0.9534229685312761,-0.96
532,-0.0036042561832498954,0.0
533,0.13460175577053482,0.09
534,1.4858783321263407,1.47
535,-1.0004349570414155,-1.05
536,-2.719774516703021,-2.77
537,1.0503483020911872,1.06
538,0.5752123338569027,0.61
539,-2.1010030128003923,-2.11
540,-0.3060043351165211,-0.35
541,0.5012433803643984,0.51
542,-3.384612871559938,-3.41
543,-3.5425635135297733,-3.57
544,1.521654324337693,1.54
545,-0.3683712543079387,-0.38
546,3.327753075739876,3.27
547,4.905416062043941,4.93
548,1.7719080468407695,1.81
549,2.4390000533153464,2.46
550,2.251010162577282,2.24
551,3.072798970970834,3.03
552,2.85915460280373,2.85
553,-0.25158859796293154,-0.28
554,-4.032947683089923,-4.07
555,2.3801305716612604,2.37
556,1.6244752037397012,1.68
557,1.302864589101213,1.36
558,-0.7723100248111391,-0.76
559,-0.2288779726282997,-0.24
560,-0.6249675416114755,-0.64
561,-2.8249865001353975,-2.82
562,0.9131236913132327,0.94
563,-3.2568471501984244,-3.32
564,-1.4186659440463907,-1.44
565,-2.8542180716519083,-2.88
566,-0.5103574666375574,-0.5
567,0.7082305640813427,0.75
568,-2.656353248261975,-2.67
569,-3.3738080002984954,-3.43
570,-0.6201191495883066,-0.62
571,3.2920880220851485,3.26
572,2.713484035935896,2.69
573,1.8068056980258032,1.82
574,5.0420207048004135,5.11
575,7.4748592664956215,7.96
576,2.2093726206360143,2.24
577,-0.18225790604108488,-0.18
578,-2.5488260961110707,-2.57
579,-0.8081042647161463,-0.85
580,-0.9339272312858866,-0.96
581,1.8173347660778867,1.83
582,1.4423907163477334,1.46
583,0.4037551801751118,0.37
584,-1.7421777888049246,-1.82
585,0.037075628624869524,0.03
586,0.08585929220333328,0.09
587,2.4636326309106233,2.48
588,-2.152712091136141,-2.18
589,4.378668615523948,4.28
590,-2.2611659529827097,-2.3
591,-3.263710426589475,-3.34
592,2.2218944759898935,2.21
593,1.953268454788168,1.99
594,2.014798098451809,1.99
595,2.353881677579476,2.36
596,-0.4575834354769167,-0.49
597,-0.6934508309718278,-0.76
598,1.3420130051196786,1.3
599,-1.504957603212669,-1.55
600,3.61495493274367,3.49
601,2.8857772599736937,2.86
602,0.1720221870344082,0.14
603,-1.8357617189985918,-1.84
604,-0.8828952764132346,-0.94
605,1.0183934238731318,1.01
606,0.3193766596519121,0.25
607,-0.14096856691928086,-0.15
608,2.6486841922443243,2.66
609,0.13775033226749125,0.18
610,-1.4922061104186624,-1.53
611,-4.24903175673263,-4.23
612,-0.04133741938023785,-0.04
613,-0.39846300852030125,-0.43
614,-0.8220588913779767,-0.86
615,-2.917802838215903,-2.94
616,-0.786319440712023,-0.83
617,0.38630733515837856,0.4
618,1.377594911167783,1.38
619,-1.7202143848759368,-1.75
620,-3.878607304426352,-3.91
621,3.3956060908870564,3.35
622,6.403727282852478,6.84
623,1.052054186754025,1.1
624,-0.4345601774808932,-0.47
625,-1.7593057704885695,-1.78
626,-1.7211821327932502,-1.72
627,0.47760893272346294,0.51
628,2.4505000624533766,2.45
629,1.277889681801042,1.31
630,-3.176708628135223,-3.22
631,-0.4366498991519935,-0.45
632,-0.41004934005667193,-0.42
633,-1.575268248381474,-1.64
634,-2.313593984728278,-2.34
635,1.1916846602166329,1.25
636,9.453954465231133,10.07
637,2.685606701437044,2.67
638,-0.37516818386570644,-0.43
639,-1.9133615675662132,-1.99
640,-1.9839355232123757,-2.04
641,2.5446145175279766,2.57
642,-0.4454653832921005,-0.41
643,0.3508830719912898,0.34
644,-0.4542610983020172,-0.53
645,-5.255628745893773,-5.26
646,-3.5412154270478235,-3.65
647,-1.7617900399063404,-1.78
648,-1.4606787962764336,-1.42
649,2.44545749540805,2.47
650,1.5342417164228668,1.55
651,-1.3574048366708582,-1.44
652,0.17005639106611728,0.14
653,0.2887119380447936,0.33
654,-0.5083927314197806,-0.5
655,0.833535543147405,0.88
656,4.179740197370526,4.24
657,0.7407538668598161,0.75
658,-1.1355221878049124,-1.18
659,-0.7584566862137606,-0.77
660,-4.117071743002886,-4.17
661,-1.9241136355683544,-1.97
662,-0.4094195865260201,-0.44
663,-2.9627812439597,-3.01
664,-2.3238780436145725,-2.38
665,2.362605083351033,2.38
666,1.9677843199839724,2.02
667,3.3821102005503194,3.4
668,1.4493831973659796,1.5
669,-0.7279586107486925,-0.76
670,0.7011223152783348,0.68
671,-0.08543803306568794,-0.12
672,0.7819070848576998,0.84
673,5.357261522060668,5.52
674,0.31991825517271655,0.31
675,0.08732208471097365,0.09
676,1.41928049762221,1.42
677,-3.016393423267998,-3.06
678,-1.9159412251612504,-1.96
679,1.2409616593952157,1.25
680,-0.6935844786573601,-0.73
681,-1.0561262455455722,-1.09
682,1.1939203058891836,1.21
683,3.2204106560666603,3.24
684,5.800477004771693,6.2
685,1.8688941067850302,1.87
686,-3.137164271067684,-3.19
687,-1.1787330106099188,-1.2
688,3.1042032861523263,3.11
689,7.77207437069838,8.33
690,-1.5910295176838174,-1.56
691,0.7856517155797393,0.85
692,-1.0280285374246876,-1.05
693,1.15727647738665,1.17
694,-0.7040443303594375,-0.7
695,1.688443752685489,1.78
696,0.6766363814147532,0.68
697,1.1654164299095076,1.16
698,-0.4381420030376134,-0.44
699,0.7627952571196803,0.68
700,0.8736208137678912,0.78
701,-0.16603027315933777,-0.12
702,-0.17817054005887845,-0.21
703,-0.5746084920280482,-0.63
704,-3.2709726044223446,-3.36
705,-1.8929073368173472,-1.95
706,-2.868676304360274,-2.93
707,-2.486317983378896,-2.5
708,1.393778609538543,1.31
709,-2.403921349271338,-2.41
710,0.7015177713901617,0.69
711,-1.2438897272531406,-1.3
712,-3.168117674281686,-3.17
713,0.4820222689377716,0.45
714,1.5498076139269832,1.57
715,0.020118663642504704,0.02
716,0.09243195311282768,0.05
717,-1.327996447333326,-1.42
718,-1.8835989762503076,-1.95
719,2.4881369931386677,2.52
720,2.8116700990972383,2.81
721,-0.4917714323112216,-0.56
722,-1.1801755674270393,-1.26
723,-2.328348418630414,-2.38
724,-2.629288330879791,-2.7
725,1.3037402417858939,1.35
726,0.7570106304487352,0.77
727,0.7465325662939997,0.79
728,3.4682950226937623,3.46
729,0.7550541871574475,0.77
730,3.7867232701494244,3.79
731,5.102429273598487,5.28
732,1.5637700465695006,1.57
733,1.7131617165327773,1.75
734,0.18763429495301084,0.19
735,-1.6002239539690235,-1.64
736,-0.39651899493884607,-0.39
737,0.6328588693805562,0.69
738,-5.154379932706797,-5.23
739,-2.6717930524041655,-2.69
740,0.7610996418947023,0.8
741,-0.897875013445821,-0.93
742,-3.340525083158377,-3.41
743,-0.4447443609906098,-0.45
744,-0.6863095028174946,-0.7
745,-0.24309587351793413,-0.26
746,1.1024654007613157,1.12
747,0.04298567256419243,0.06
748,-2.823146040540678,-2.89
749,0.8848312229526654,0.91
750,-0.9686328289497905,-1.01
751,-3.6259749607163734,-3.69
752,-0.4924323844321599,-0.54
753,-0.01949492764767784,-0.03
754,-0.4852972083263719,-0.51
755,-0.09098846108525314,-0.11
756,-1.1904806993827375,-1.25
757,-2.734842725416148,-2.81
758,-0.36682731955889913,-0.38
759,1.0903975244992203,1.15
760,-0.9988140178343199,-1.02
761,-0.504856297275579,-0.51
762,-0.9758994314640814,-1.02
763,-0.3337159045615847,-0.37
764,-0.5707908586057407,-0.62
765,1.7448753009490325,1.8
766,3.4947481468365935,3.46
767,0.017840711050089723,-0.01
768,3.2862197177208023,3.26
769,0.49260635111337403,0.42
770,-2.0757372825025597,-2.12
771,-1.5207741119545921,-1.56
772,3.3653630786181097,3.41
773,0.9543276878924033,0.93
774,-3.0922514834542656,-3.18
775,-1.0266109829356516,-1.08
776,1.2249080114989166,1.25
777,0.9805150643690418,0.96
778,-0.7876701082997826,-0.88
779,-2.4133339562784637,-2.48
780,3.0868289382500445,3.05
781,1.297162337193011,1.35
782,-2.9323955907254025,-3.01
783,0.13620367292726093,0.16
784,3.183856081061207,3.16
785,2.6642267323798388,2.67
786,-0.8856870976071788,-0.92
787,3.09057523281276,3.08
788,0.6397465371181078,0.6
789,0.8114144779604855,0.83
790,-0.5391762600821016,-0.55
791,-0.24952696311256994,-0.3
792,2.289877504857703,2.31
793,1.8366655930167317,1.86
794,0.7469045667740581,0.73
795,-1.9626382609655237,-2.04
796,-0.32778776480968624,-0.36
797,-2.2690007909182293,-2.33
798,1.0556228727792019,1.13
799,0.3169534660344597,0.36
800,4.214372324765277,4.21
801,2.097561885434372,2.08
802,2.7298099880936486,2.69
803,5.169362413139085,5.32
804,3.6674545812742476,3.69
805,1.1702728795704447,1.18
806,-0.15362764879284918,-0.17
807,-2.0761612761399304,-2.14
808,-1.6180252901338632,-1.71
809,-5.483429092294371,-5.53
810,0.7897111649992026,0.82
811,0.5052618625484862,0.51
812,0.37626741180943574,0.38
813,2.2930908457463506,2.36
814,0.9222811001072384,0.96
815,0.4804061857314291,0.51
816,-1.370882109503942,-1.43
817,-2.7906687675058817,-2.9
818,-3.325146849734966,-3.38
819,-2.624769155875271,-2.64
820,4.920290211870714,5.08
821,7.488146752234138,8.05
822,2.933983522576003,2.92
823,-4.356782233421375,-4.44
824,-3.0853500011728614,-3.14
825,-2.721125813217684,-2.75
826,0.6987906247204424,0.76
827,0.7532976668944243,0.75
828,1.8879561100334108,1.91
829,-3.8188598137935554,-3.86
830,-2.5883540212067104,-2.64
831,2.6862798861645216,2.75
832,0.515996707862211,0.5
833,0.12822866645622322,0.11
834,-0.7604332574554634,-0.81
835,-2.015686611661377,-2.07
836,-0.09051087347206364,-0.06
837,-2.290140140754347,-2.3
838,-0.3436144998570502,-0.33
839,-0.28752609089611164,-0.3
840,-3.060584531871851,-3.14
841,-0.2046697932171101,-0.23
842,0.9638622872319432,0.96
843,3.9763608303667533,3.87
844,0.18654738804313512,0.13
845,0.5158501455296008,0.5
846,-1.7688767312069777,-1.79
847,-3.755460237871879,-3.81
848,0.05380835173157654,0.06
849,-0.6600307225530191,-0.71
850,0.03658932616155807,0.03
851,-1.1819534481618221,-1.23
852,1.7487889787524036,1.8
853,1.3247085922890915,1.38
854,2.641291883546465,2.62
855,0.06642122319065864,0.05
856,1.366206263005732,1.42
857,-2.013993946920611,-2.05
858,3.0339010321817335,3.03
859,0.05074764332072028,0.05
860,0.23440452209246385,0.23
861,0.19852094628273453,0.22
862,1.235215445626451,1.28
863,-0.31131400889800087,-0.32
864,-1.054851270008274,-1.05
865,-0.4249354693927513,-0.48
866,0.1820058548385103,0.17
867,-2.4330992548172006,-2.51
868,-2.5842303300951883,-2.63
869,1.6162242416739465,1.65
870,-1.20210438155794,-1.27
871,0.9250474603041902,0.92
872,-0.5675621469999863,-0.58
873,0.7326286288502678,0.73
874,-0.9854966454088346,-0.99
875,-1.6469024442644735,-1.68
876,2.453000440191137,2.47
877,-0.7071031857904275,-0.77
878,-3.379920692361551,-3.43
879,-0.8826266229807654,-0.94
880,-0.2823989189110342,-0.3
881,0.383809007935374,0.41
882,-1.7668564502660706,-1.78
883,-1.6586430726235906,-1.7
884,-3.3618258438488557,-3.41
885,-0.2922332715058853,-0.28
886,1.1540966650412967,1.2
887,1.4899087848470745,1.53
888,0.6859585833709432,0.67
889,-1.1250222325873622,-1.14
890,2.2937151039365338,2.29
891,-0.1627719900501412,-0.18
892,-2.7730227899228597,-2.8
893,1.836356477175883,1.84
894,-0.45636336682731055,-0.47
895,-0.6297935839029213,-0.66
896,2.0162371925705784,2.03
897,1.916498983124235,1.98
898,2.170351431229095,2.2
899,6.360604436377954,6.76
900,-0.4513905100418956,-0.46
901,-3.278864220602338,-3.31
902,0.5060746216939799,0.46
903,-1.1811070884782042,-1.27
904,-0.060875426791659734,-0.19
905,2.4388883061695665,2.39
906,-3.1046933749659,-3.13
907,-4.450116055187118,-4.53
908,1.993586286487695,1.94
909,2.2128013272648626,2.18
910,0.5457081250227724,0.51
911,2.412963457849468,2.44
912,0.42493323871146593,0.43
913,-0.6346996620314423,-0.63
914,-0.3956303918618116,-0.39
915,0.3879991635288172,0.35
916,0.3501400241142643,0.31
917,2.829490610202083,2.82
918,2.1614294793718725,2.19
919,1.6339993429893573,1.72
920,-1.2371291863511351,-1.32
921,-0.6741210652877752,-0.7
922,-2.3560836507190737,-2.39
923,-1.9365972760592216,-2.05
924,-3.404104857696063,-3.46
925,0.7150438268435649,0.72
926,1.7888927576236038,1.85
927,-0.42155246096425003,-0.41
928,2.183608833250029,2.23
929,1.2516625978872664,1.31
930,-2.145958124702035,-2.21
931,-0.11206925219613752,-0.11
932,0.778932546459826,0.82
933,0.9395065204829048,0.92
934,-0.9566125480088836,-0.99
935,-1.0142168217622043,-1.07
936,0.1863098085967668,0.17
937,-1.5575288159915806,-1.59
938,0.9732780065128952,0.99
939,-0.1646187178292107,-0.2
940,0.18218352690249667,0.19
941,1.6660629832049434,1.68
942,1.0496857392432073,1.07
943,0.058661087541359354,0.01
944,0.16331715651367998,0.16
945,1.3097591643628295,1.32
946,2.6953992603347263,2.68
947,0.17732721125000175,0.22
948,0.4432585977884465,0.48
949,2.6693721173218523,2.65
950,0.07745300730103692,0.06
951,-2.5417683290100554,-2.57
952,-0.891414208430767,-0.88
953,-0.08725427207618139,-0.13
954,-3.329631956128199,-3.41
955,-1.4611496560278094,-1.51
956,2.6597253121676245,2.62
957,-1.353146913160558,-1.41
958,-2.3044435728215262,-2.32
959,1.6660332499118875,1.68
960,4.704848868996311,4.76
961,0.35446785592364366,0.36
962,1.5362153466572948,1.56
963,2.239372521868569,2.23
964,0.35017930862776925,0.33
965,0.7422664044751233,0.73
966,4.0669650325286675,4.03
967,2.8004280495173504,2.81
968,-0.42833361525819447,-0.48
969,-2.4257447832082533,-2.48
970,1.4107048782362261,1.41
971,0.1483438946772701,0.18
972,-3.56815702181736,-3.65
973,3.4638093315872847,3.37
974,1.0727142761636168,1.14
975,-2.7916898761188498,-2.84
976,-1.072590549004253,-1.15
977,1.74609592753927,1.76
978,-0.9810540975925475,-1.04
979,-0.8505647191049635,-0.89
980,-4.470427392809275,-4.53
981,-4.310179757819739,-4.42
982,0.09754679465979556,0.1
983,-0.77760402209624,-0.79
984,-2.263973027245122,-2.3
985,0.7892825123916899,0.82
986,2.3414944775480073,2.36
987,4.373814719691928,4.31
988,5.906890600708041,6.18
989,7.632233416358736,8.11
990,-0.07557682516288607,-0.11
991,-3.398054654625478,-3.5
992,-2.9858704442422894,-3.0
993,-2.6570680102705375,-2.72
994,0.4501291237323884,0.45
995,1.1306625176984488,1.09
996,1.5318361510491036,1.58
997,0.6333615407935975,0.59
998,0.18447665217285075,0.16
999,-2.380592707662536,-2.39
1000,1.4102830701306097,1.4
1001,-1.9547115874185572,-1.97
1002,-1.9013423657527364,-1.93
1003,-1.6635072577832206,-1.69
1004,-0.9638590047001214,-0.97
1005,-4.449794042067552,-4.49
1006,-0.8235714463616435,-0.86
1007,1.917200866735274,1.94
1008,0.6936178811563167,0.72
1009,-2.1029524765727854,-2.13
1010,-1.5586548456253475,-1.58
1011,-0.5437087096351633,-0.54
1012,-0.1899891174907619,-0.21
1013,-1.5013637892466651,-1.53
1014,-2.9776835714832353,-3.0
1015,0.15878275521330745,0.19
1016,1.8173497317439988,1.85
1017,0.948828686189541,0.96
1018,-0.6850503471892729,-0.74
1019,-2.4623400092569976,-2.54
1020,2.124539212655873,2.13
1021,0.8399754647365234,0.87
1022,-0.9908942691797779,-1.02
1023,0.17679042708469733,0.15
1024,3.70216726619715,3.6
1025,1.7383519711962327,1.73
1026,1.158432762508828,1.11
1027,-0.3447108592199305,-0.38
1028,0.6589802946706504,0.62
1029,1.7631884914501996,1.75
1030,-0.32176938179646586,-0.37
1031,-1.4650421267533345,-1.5
1032,-0.7313189011483077,-0.79
1033,0.1126793180683663,0.05
1034,0.662551507247851,0.63
1035,-3.404273248573597,-3.43
1036,-2.9734339041541498,-2.99
1037,-0.38619037110182586,-0.38
1038,-0.6186081770462314,-0.62
1039,-0.9667392970703284,-1.04
1040,-0.4133558657181944,-0.45
1041,-2.2887135209906635,-2.32
1042,0.7913064267932223,0.82
1043,-0.4293069126381685,-0.44
1044,-1.8956525073048136,-1.93
1045,0.4168985770194052,0.43
1046,-0.8738095926486206,-0.94
1047,0.8024037302665341,0.85
1048,-2.537543583618525,-2.57
1049,0.39124077241329025,0.4
1050,2.1357392521225087,2.16
1051,0.8308385254174804,0.82
1052,4.502569288812773,4.44
1053,1.4294645461149282,1.42
1054,1.2429250811968413,1.29
1055,-0.4038091881019038,-0.46
1056,0.4076079250865838,0.43
1057,1.154157948357721,1.19
1058,0.9659604988687004,0.99
1059,0.16847187626005924,0.15
1060,2.9747216965796377,2.92
1061,2.9532931608139186,2.92
1062,0.06127350033153329,0.06
1063,2.5252209945848336,2.58
1064,3.3280067088797645,3.34
1065,7.25183094498274,7.75
1066,2.431885715485962,2.42
1067,-3.7882803086847314,-3.86
1068,-2.698218188493702,-2.74
1069,0.0038240098510392753,-0.01
1070,1.4827710181585376,1.53
1071,-0.5022381463878327,-0.52
1072,2.0802051568031192,2.08
1073,0.28640919853182123,0.28
1074,0.06729043592016055,0.04
1075,-0.7167275786950412,-0.71
1076,1.6544931824079165,1.69
1077,1.551181880631891,1.58
1078,0.011370417332477633,0.01
1079,2.92231989917922,2.91
1080,3.254108302521777,3.26
1081,-1.0630380707724993,-1.12
1082,2.6584663630469527,2.61
1083,-0.7862640126375315,-0.78
1084,0.9110186167976635,0.96
1085,-2.505216489008605,-2.54
1086,-1.4808896280822734,-1.53
1087,3.425738118872887,3.47
1088,2.664152533912059,2.68
1089,0.45716444182995786,0.45
1090,-4.424798431507975,-4.44
1091,-3.3888036113623494,-3.43
1092,0.4508814890454201,0.48
1093,-1.1564474044221744,-1.17
1094,-0.750948942283027,-0.77
1095,0.4812887181590038,0.5
1096,1.4250323596210803,1.42
1097,-1.836977650369133,-1.87
1098,-1.6690854316032553,-1.71
1099,-3.1478425456530403,-3.14
1100,-0.03284336465500777,-0.01
1101,-0.24800396641593547,-0.27
1102,2.039722955369319,2.08
1103,0.6992217681347028,0.75
1104,0.03623912644525125,0.01
1105,0.20947715548701212,0.22
1106,0.04314350458439789,0.01
1107,-1.0172201855922556,-1.06
1108,-1.225972991600702,-1.25
1109,1.0235336276496476,1.04
1110,1.668364463423956,1.71
1111,-0.08800502767072783,-0.08
1112,1.681699814517656,1.72
1113,0.720571770114409,0.72
1114,1.085060374951268,1.12
1115,1.9410800172584481,1.99
1116,5.711427034650531,5.96
1117,4.460117009206084,4.41
1118,1.9754284719367046,1.99
1119,1.1291844711137842,1.13
1120,1.7988591303128638,1.74
1121,-2.007494054926941,-2.06
1122,1.9594280675916993,1.97
1123,-0.1334959349819901,-0.17
1124,1.7225534227456085,1.74
1125,0.4530140120505683,0.44
1126,-1.9922636252574633,-2.06
1127,-0.06818801490865381,-0.07
1128,2.303989135060833,2.38
1129,4.466651069082765,4.44
1130,0.11286045232642597,0.12
1131,-2.969033636485111,-3.0
1132,-1.14674851573889,-1.18
1133,-0.9284736209955428,-0.97
1134,-2.301834118406986,-2.32
1135,-1.3141691817957628,-1.33
1136,-0.15550656543072505,-0.17
1137,-0.4176251934288099,-0.44
1138,-1.394357988026068,-1.42
1139,0.45650298589057975,0.47
1140,-2.264803611664916,-2.28
1141,0.9994907273464437,1.01
1142,1.004990583292271,1.04
1143,-0.6080064577269615,-0.6
1144,-0.707155979141195,-0.71
1145,0.8770826076394859,0.9
1146,-3.114936467625374,-3.14
1147,-2.47306039272305,-2.51
1148,-2.2916414086820587,-2.34
1149,-1.1859804923063957,-1.21
1150,-4.306746869770851,-4.35
1151,-3.3902402861649215,-3.44
1152,2.474860722461279,2.47
1153,0.3857643269496999,0.37
1154,-1.4647186294553427,-1.54
1155,1.1270222684334934,1.14
1156,-2.365754604462699,-2.42
1157,-2.2967346113275706,-2.31
1158,-3.3366547283801316,-3.39
1159,1.5730349138534196,1.6
1160,2.111485951332797,2.14
1161,-2.330453070222351,-2.41
1162,2.8650106849743495,2.77
1163,4.014969070435154,3.97
1164,0.9042774037252996,0.89
1165,1.4683858055187997,1.5
1166,-2.606462172049118,-2.63
1167,0.4135842806181925,0.42
1168,-1.1471535057028066,-1.19
1169,-3.0052278748320056,-3.05
1170,0.7781554756253223,0.79
1171,2.9917677090558126,2.91
1172,0.305121757539415,0.32
1173,1.8964548421056988,1.88
1174,-1.4265257222963819,-1.44
1175,-2.0295091730792665,-2.11
1176,-0.6988866333562305,-0.74
1177,-2.387721813118864,-2.41
1178,0.6690528923199234,0.67
1179,0.5343347661787424,0.52
1180,1.6340839385248525,1.64
1181,0.8894700593280354,0.91
1182,-1.7601820788727698,-1.81
1183,-0.6399548602445624,-0.68
1184,3.3089575041426573,3.28
1185,0.20367887707038465,0.21
1186,-3.3658272562341636,-3.4
1187,-1.007559439777155,-1.03
1188,0.16071622831435017,0.16
1189,-0.5617932152023355,-0.57
1190,1.562662598189833,1.6
1191,0.3749557597097407,0.31
1192,-0.6090984460263339,-0.63
1193,0.2456602780445033,0.24
1194,0.9283106986858629,0.96
1195,2.6522163719651006,2.66
1196,2.171636399287391,2.18
1197,3.8253088641837687,3.76
1198,0.02730557234854597,-0.01
1199,-0.7451828164756522,-0.8
1200,3.5002147085278463,3.41
1201,4.025215814932171,3.93
1202,1.9213886025082418,1.88
1203,1.600065339196404,1.61
1204,0.27037206299794964,0.32
1205,-0.7999349482059522,-0.84
1206,-0.8040184643114501,-0.82
1207,0.41219129764218687,0.4
1208,-0.13742242866499405,-0.16
1209,3.1450611845489798,3.08
1210,1.7024059877931175,1.7
1211,3.496665845178091,3.42
1212,1.0237873327843645,1.04
1213,0.3109665700224384,0.3
1214,-1.5397146813154676,-1.55
1215,-2.3104555972786525,-2.33
1216,-2.8012600456164627,-2.85
1217,-4.348494207614867,-4.4
1218,-2.2260911514247668,-2.26
1219,2.008095657606129,2.04
1220,0.25000417302434036,0.24
1221,-1.3374927598877062,-1.37
1222,0.969424047456995,0.98
1223,1.2088753190233814,1.24
1224,-0.12974034085590552,-0.14
1225,-0.8642433266456298,-0.89
1226,0.8579043958100732,0.89
1227,-3.442602897315,-3.5
1228,1.4839865991045533,1.5
1229,2.5909347857103486,2.6
1230,0.8883500194489216,0.89
1231,1.128859984555829,1.12
1232,1.2251500786488752,1.26
1233,-1.3690387451515018,-1.42
1234,-2.1167255276760075,-2.16
1235,0.49750070138966995,0.48
1236,-1.5129378260902016,-1.55
1237,0.31583659204708525,0.27
1238,2.967971129821714,2.91
1239,1.6148320677913746,1.62
1240,-1.9606280713130595,-2.0
1241,1.6480083280751874,1.65
1242,1.6202209136900265,1.64
1243,0.5170302908302643,0.51
1244,0.4919382844565428,0.48
1245,-0.3666085100015416,-0.4
1246,-2.1740362086909437,-2.21
1247,-1.6081146434069449,-1.64
1248,1.3565960351421777,1.41
1249,2.824756960958438,2.81
1250,-0.9448531855060311,-0.97
1251,-4.239882199068842,-4.26
1252,-1.9377556836909848,-1.94
1253,0.8699921304928652,0.89
1254,-4.225495403987513,-4.23
1255,0.19912446496395753,0.2
1256,0.6461231516486619,0.69
1257,0.9850772923646905,1.02
1258,-3.7418604882734128,-3.76
1259,2.321973279305625,2.34
1260,0.918431701254036,0.89
1261,-0.10326374270439057,-0.1
1262,1.1007693725939212,1.09
1263,-0.9520791722180281,-1.01
1264,-0.9629574323495396,-1.03
1265,1.4412877288990407,1.43
1266,0.26255506871364714,0.28
1267,1.3971669961631528,1.43
1268,3.1916915583364425,3.15
1269,2.3443068133664458,2.38
1270,-0.9913567739824951,-1.05
1271,1.1773066787528699,1.21
1272,0.9721870074734861,1.01
1273,-2.4797263371728637,-2.49
1274,-2.2245262433823254,-2.29
1275,2.9321420747298754,2.89
1276,-2.289969411959701,-2.31
1277,-1.429266737127867,-1.47
1278,-2.7033463859882967,-2.73
1279,-0.8409568117901619,-0.88
1280,-2.3394810589816344,-2.34
1281,-1.3309467746239112,-1.35
1282,-0.3674295426966085,-0.39
1283,-1.7995781735174678,-1.87
1284,-0.7090552937634828,-0.73
1285,-1.5632968394240754,-1.61
1286,-1.4201010537757313,-1.47
1287,-0.21917492879331277,-0.27
1288,-2.450394601364584,-2.48
1289,-0.6903255115631941,-0.73
1290,2.5452432634217494,2.54
1291,-0.7922772154938107,-0.77
1292,-1.4088155645306357,-1.46
1293,-0.09612646145737735,-0.14
1294,-0.9774094956410004,-1.03
1295,-2.6320674707068226,-2.71
1296,-0.9921644869794892,-1.04
1297,-0.8415979511442133,-0.86
1298,2.7204030109397124,2.69
1299,-0.14629406060983724,-0.2
1300,0.1000681456909581,0.09
1301,2.5611406443710756,2.57
1302,3.6137844369266223,3.58
1303,1.8776300221526698,1.96
1304,0.5033455942632223,0.54
1305,4.011739837138322,3.93
1306,0.8229140190253517,0.8
1307,-1.8537988630290183,-1.95
1308,-0.7371229628120392,-0.81
1309,3.705057092419446,3.68
1310,4.222799574060998,4.07
1311,1.9408906441875342,1.92
1312,1.9251638837884713,2.0
1313,6.747337663303101,7.21
1314,3.5116531638111774,3.46
1315,-0.7734860149600998,-0.79
1316,-4.379654207092477,-4.41
1317,-0.528310375033953,-0.58
1318,1.7293887468286404,1.77
1319,2.564110101379452,2.62
1320,2.252895096246705,2.28
1321,3.1141842819745946,3.14
1322,0.6378238924041121,0.66
1323,-0.887494019181666,-0.93
1324,-0.8642892218765879,-0.87
1325,5.250248742329735,5.36
1326,4.201973657007045,4.23
1327,0.8129463696737715,0.87
1328,-0.7997532738798993,-0.82
1329,-0.33919304247852605,-0.36
1330,3.0790386637524167,3.08
1331,3.189672050239415,3.18
1332,3.945015990671351,3.92
1333,4.694762788850796,4.68
1334,2.0024575307499024,2.04
1335,-1.5019849981851903,-1.55
1336,0.7590295984777689,0.79
1337,3.481740340452483,3.49
1338,-1.8965526495991614,-1.88
1339,-0.19452788985464217,-0.2
1340,-0.5478764256294167,-0.57
1341,-0.701459177423931,-0.68
1342,-0.5615381157566603,-0.56
1343,-0.3112187736103708,-0.32
1344,0.40172657105816206,0.41
1345,0.623302289615013,0.65
1346,0.6560438445144913,0.66
1347,-2.151259326390496,-2.12
1348,-1.2917655860419486,-1.31
1349,0.5211570043481447,0.56
1350,-2.298123457024512,-2.34
1351,-1.0405299759129623,-1.08
1352,-1.5291465625343215,-1.55
1353,3.3297513221325885,3.34
1354,3.0626994276418658,3.06
1355,-1.3080631992176042,-1.33
1356,2.2191185288272175,2.25
1357,2.8213210231536143,2.86
1358,4.466895960599915,4.45
1359,2.8727205180796287,2.86
1360,-2.645328173636494,-2.66
1361,-1.9529621444333165,-2.03
1362,-1.8879312689906615,-1.94
1363,-1.9982717194473518,-2.0
1364,-1.6069745743448607,-1.62
1365,-0.35614886480701335,-0.37
1366,1.0145944883450062,1.05
1367,-0.09218438164973981,-0.1
1368,2.2773877574678223,2.27
1369,-1.0027391986054508,-1.02
1370,2.718704374316931,2.7
1371,0.7669508308064577,0.75
1372,1.2083835033469632,1.2
1373,1.2240478824209782,1.23
1374,2.330208754014191,2.36
1375,-1.6646299870125283,-1.72
1376,-2.982127999052004,-3.0
1377,-0.3515187070322118,-0.38
1378,1.2024276629441268,1.22
1379,-0.38444491301029254,-0.42
1380,3.5858973988219636,3.54
1381,1.3233459630646633,1.39
1382,0.339648873541621,0.39
1383,2.9947114886511135,2.93
1384,0.909271530610729,0.96
1385,1.0491594504087838,1.0
1386,1.8578301521927612,1.84
1387,0.9629136953734415,1.0
1388,0.7838005179697172,0.77
1389,-1.3400817621956431,-1.42
1390,-2.843277484821818,-2.88
1391,-1.0825065471546649,-1.16
1392,0.8460752778977773,0.82
1393,-0.011061346641160312,-0.03
1394,1.8043410075904762,1.79
1395,1.1668404590904422,1.17
1396,0.040738127845546604,0.0
1397,-1.650756016646295,-1.69
1398,-1.076911132269298,-1.19
1399,-3.619756808068802,-3.67
1400,-1.3036056857352054,-1.36
1401,-0.4019204859548575,-0.44
1402,-1.1485827964397677,-1.22
1403,-1.4501961540463628,-1.51
1404,1.9360372700465922,1.94
1405,-0.04002958090769793,-0.02
1406,1.8592467620670878,1.86
1407,-1.09041097971857,-1.08
1408,-0.17469666690197683,-0.19
1409,2.8124962762039707,2.82
1410,0.2687641923361242,0.24
1411,-1.2437419234992084,-1.27
1412,1.768323865998578,1.8
1413,-2.1789449577927424,-2.23
1414,2.9586410404857517,2.91
1415,-1.0343166351251696,-1.02
1416,-1.2150043889361457,-1.24
1417,1.1466282240009842,1.18
1418,0.14430683123908328,0.16
1419,-1.0163431217325347,-1.01
1420,0.881971192541316,0.93
1421,-1.7097371476872727,-1.75
1422,-0.6552401159069259,-0.65
1423,-2.101724673433043,-2.08
1424,-0.5168973812518928,-0.51
1425,-0.19325001795532282,-0.23
1426,2.2610540077977626,2.18
1427,2.7554096032802495,2.73
1428,3.8018814893479873,3.72
1429,0.4517079535545092,0.49
1430,1.0112644886747995,0.99
1431,1.4228671975565992,1.44
1432,0.39686949993014686,0.42
1433,1.6622116504770672,1.62
1434,1.4841487029165439,1.46
1435,-0.46508159143336925,-0.55
1436,-0.2815432601683262,-0.3
1437,-1.446452953380557,-1.49
1438,-2.4949576568305822,-2.53
1439,-1.242251987272705,-1.3
1440,1.138123574168872,1.17
1441,2.749764830465572,2.75
1442,-1.4237678704420031,-1.49
1443,-0.6406298339211806,-0.7
1444,-0.7689437257756766,-0.84
1445,-2.4152033400728063,-2.42
1446,-1.2454081012291869,-1.3
1447,0.6433402974661986,0.65
1448,-1.2026656920867433,-1.22
1449,-2.4271012246388604,-2.46
1450,-2.2655354261039,-2.32
1451,1.43817774395796,1.44
1452,0.5773029281478839,0.61
1453,0.9777384426256522,1.03
1454,-0.4896432709653252,-0.53
1455,-3.879389385159801,-3.95
1456,-1.5920805208751765,-1.64
1457,-1.8451460406415328,-1.89
1458,1.6002250152238158,1.63
1459,-0.5259738820932206,-0.54
1460,-1.6580274756656173,-1.76
1461,-1.5469524047796679,-1.62
1462,1.7970644939542726,1.86
1463,0.1532162188737531,0.19
1464,-3.018454284265923,-3.06
1465,-1.6767061189515589,-1.74
1466,2.3267850126390353,2.32
1467,3.5697893294794962,3.56
1468,1.1405753673254806,1.19
1469,0.42889612155451023,0.45
1470,-0.1093538333786434,-0.09
1471,-3.821332445730846,-3.83
1472,-1.7466595848851627,-1.84
1473,-1.24635731354621,-1.29
1474,-0.8765282945022146,-0.89
1475,-2.4453576552724696,-2.44
1476,0.3040188688581667,0.33
1477,1.5666939771483608,1.65
1478,1.5330168537861195,1.56
1479,-0.8674518924283315,-0.9
1480,-2.8083798698863376,-2.82
1481,-0.5448592204102155,-0.59
1482,1.1075381691728625,1.13
1483,-0.31411346581463695,-0.29
1484,5.524394062938455,5.65
1485,3.581246321371673,3.54
1486,3.0693479508598167,3.03
1487,-1.0413502357641493,-1.03
1488,-0.20130111161928257,-0.19
1489,1.165326204016545,1.2
1490,1.6969928225427942,1.71
1491,4.536750728547538,4.53
1492,1.5732200052240146,1.6
1493,-0.16637734323345887,-0.15
1494,0.9734227342425549,1.01
1495,-4.314192304875643,-4.36
1496,-2.4958381024938476,-2.55
1497,-0.6065103337066373,-0.62
1498,3.5029606344908326,3.39
1499,0.7091260836551028,0.67
1500,-3.996074584940148,-4.06
